,day,location,total_trajectories,vehicles_filtered,bikes_filtered,persons_filtered
0,2024-09-01 00:00:01-05:00,1,16875,13027,90,691
1,2024-09-01 00:00:01-05:00,2,24470,11547,118,879
2,2024-09-01 00:00:01-05:00,3,38097,12593,120,478
3,2024-09-01 00:00:01-05:00,4,13788,9748,91,194
4,2024-09-01 00:00:01-05:00,5,34598,10785,120,514
5,2024-09-01 00:00:01-05:00,6,38653,17273,239,2040
6,2024-09-01 00:00:01-05:00,7,11494,8070,65,419
7,2024-09-01 00:00:01-05:00,8,16953,10248,64,620
8,2024-09-02 00:00:01-05:00,1,17410,12172,107,691
9,2024-09-02 00:00:01-05:00,2,29175,9966,117,835
10,2024-09-02 00:00:01-05:00,3,32784,10577,105,434
11,2024-09-02 00:00:01-05:00,4,16106,8650,92,145
12,2024-09-02 00:00:01-05:00,5,27990,10004,175,410
13,2024-09-02 00:00:01-05:00,6,38954,14028,281,1984
14,2024-09-02 00:00:01-05:00,7,12623,7133,99,560
15,2024-09-02 00:00:01-05:00,8,14797,8329,104,198
16,2024-09-03 00:00:01-05:00,1,25501,19618,108,1045
17,2024-09-03 00:00:01-05:00,2,36309,16078,87,908
18,2024-09-03 00:00:01-05:00,3,37958,17295,103,386
19,2024-09-03 00:00:01-05:00,4,16306,7739,40,213
20,2024-09-03 00:00:01-05:00,5,21264,7445,52,205
21,2024-09-03 00:00:01-05:00,6,53662,19873,249,1991
22,2024-09-03 00:00:01-05:00,7,12179,9405,106,469
23,2024-09-03 00:00:01-05:00,8,13931,9619,105,367
24,2024-09-04 00:00:01-05:00,1,26734,19363,111,951
25,2024-09-04 00:00:01-05:00,2,35305,15450,81,862
26,2024-09-04 00:00:01-05:00,3,36302,16975,72,451
27,2024-09-04 00:00:01-05:00,4,18276,9275,62,251
28,2024-09-04 00:00:01-05:00,5,40184,14125,161,548
29,2024-09-04 00:00:01-05:00,6,28223,11217,188,940
30,2024-09-04 00:00:01-05:00,7,11711,9382,101,617
31,2024-09-04 00:00:01-05:00,8,15794,9983,87,342
32,2024-09-05 00:00:01-05:00,1,26294,19633,120,925
33,2024-09-05 00:00:01-05:00,2,30127,13195,111,679
34,2024-09-05 00:00:01-05:00,3,35993,16653,91,375
35,2024-09-05 00:00:01-05:00,4,16623,8119,57,225
36,2024-09-05 00:00:01-05:00,5,40400,15940,173,657
37,2024-09-05 00:00:01-05:00,6,49999,20309,232,1983
38,2024-09-05 00:00:01-05:00,7,13673,9839,66,559
39,2024-09-05 00:00:01-05:00,8,17820,11625,108,418
40,2024-09-06 00:00:01-05:00,1,30159,20175,183,987
41,2024-09-06 00:00:01-05:00,2,28168,13245,149,652
42,2024-09-06 00:00:01-05:00,3,34080,14805,127,330
43,2024-09-06 00:00:01-05:00,4,14863,6763,45,191
44,2024-09-06 00:00:01-05:00,5,19690,6307,51,270
45,2024-09-06 00:00:01-05:00,6,41787,17611,250,1809
46,2024-09-06 00:00:01-05:00,7,14493,10375,111,602
47,2024-09-06 00:00:01-05:00,8,27871,12464,132,385
48,2024-09-07 00:00:01-05:00,1,25907,16511,249,889
49,2024-09-07 00:00:01-05:00,2,35013,13867,253,772
50,2024-09-07 00:00:01-05:00,3,40265,14996,196,394
51,2024-09-07 00:00:01-05:00,4,15192,8027,106,178
52,2024-09-07 00:00:01-05:00,5,20979,5942,83,280
53,2024-09-07 00:00:01-05:00,6,43263,18336,298,2232
54,2024-09-07 00:00:01-05:00,7,13549,9769,118,678
55,2024-09-07 00:00:01-05:00,8,15753,11085,137,349
56,2024-09-08 00:00:01-05:00,1,21134,14670,167,653
57,2024-09-08 00:00:01-05:00,2,35771,11472,189,764
58,2024-09-08 00:00:01-05:00,3,37317,13248,148,354
59,2024-09-08 00:00:01-05:00,4,17034,10250,133,157
60,2024-09-08 00:00:01-05:00,5,21077,5449,89,236
61,2024-09-08 00:00:01-05:00,6,35927,16563,429,2126
62,2024-09-08 00:00:01-05:00,7,11065,7790,131,345
63,2024-09-08 00:00:01-05:00,8,12108,9258,127,309
64,2024-09-09 00:00:01-05:00,1,26971,18431,128,803
65,2024-09-09 00:00:01-05:00,2,27522,12112,89,669
66,2024-09-09 00:00:01-05:00,3,39773,14374,71,307
67,2024-09-09 00:00:01-05:00,4,15615,6920,40,225
68,2024-09-09 00:00:01-05:00,5,21165,5994,59,226
69,2024-09-09 00:00:01-05:00,6,42440,19233,253,1909
70,2024-09-09 00:00:01-05:00,7,10204,8710,103,466
71,2024-09-09 00:00:01-05:00,8,17608,10190,113,494
72,2024-09-10 00:00:01-05:00,1,26632,18808,114,880
73,2024-09-10 00:00:01-05:00,2,33942,13849,97,695
74,2024-09-10 00:00:01-05:00,3,42384,15020,75,339
75,2024-09-10 00:00:01-05:00,4,14533,8030,46,261
76,2024-09-10 00:00:01-05:00,5,30862,9551,98,385
77,2024-09-10 00:00:01-05:00,6,37909,16249,232,1783
78,2024-09-10 00:00:01-05:00,7,13108,8945,80,533
79,2024-09-10 00:00:01-05:00,8,17935,10759,81,432
80,2024-09-11 00:00:01-05:00,1,28022,19203,80,923
81,2024-09-11 00:00:01-05:00,2,34119,12588,73,821
82,2024-09-11 00:00:01-05:00,3,38818,14235,75,476
83,2024-09-11 00:00:01-05:00,4,13298,6292,34,266
84,2024-09-11 00:00:01-05:00,5,25205,6661,42,285
85,2024-09-11 00:00:01-05:00,6,44322,18554,251,2203
86,2024-09-11 00:00:01-05:00,7,11978,9252,75,516
87,2024-09-11 00:00:01-05:00,8,16410,11156,91,379
88,2024-09-12 00:00:01-05:00,1,28105,18200,87,925
89,2024-09-12 00:00:01-05:00,2,30600,11340,78,717
90,2024-09-12 00:00:01-05:00,3,44187,14480,53,428
91,2024-09-12 00:00:01-05:00,4,13619,6688,27,245
92,2024-09-12 00:00:01-05:00,5,20254,7077,48,245
93,2024-09-12 00:00:01-05:00,6,41146,16118,286,1591
94,2024-09-12 00:00:01-05:00,7,12435,9118,67,510
95,2024-09-12 00:00:01-05:00,8,17104,10968,66,402
96,2024-09-13 00:00:01-05:00,1,25921,18794,67,943
97,2024-09-13 00:00:01-05:00,2,33456,11840,64,637
98,2024-09-13 00:00:01-05:00,3,44519,17583,59,373
99,2024-09-13 00:00:01-05:00,4,16061,9258,29,208
100,2024-09-13 00:00:01-05:00,5,20712,7531,37,214
101,2024-09-13 00:00:01-05:00,6,45238,19045,201,1595
102,2024-09-13 00:00:01-05:00,7,14461,10067,66,815
103,2024-09-13 00:00:01-05:00,8,17164,12407,70,361
104,2024-09-14 00:00:01-05:00,1,16889,14358,52,627
105,2024-09-14 00:00:01-05:00,2,35898,12677,79,923
106,2024-09-14 00:00:01-05:00,3,33388,13849,66,403
107,2024-09-14 00:00:01-05:00,4,17381,10670,45,209
108,2024-09-14 00:00:01-05:00,5,25373,7826,70,386
109,2024-09-14 00:00:01-05:00,6,45856,17604,179,2130
110,2024-09-14 00:00:01-05:00,7,13996,8710,64,678
111,2024-09-14 00:00:01-05:00,8,13652,11118,59,272
112,2024-09-15 00:00:01-05:00,1,16499,13324,150,609
113,2024-09-15 00:00:01-05:00,2,36645,11744,170,795
114,2024-09-15 00:00:01-05:00,3,29834,12790,97,319
115,2024-09-15 00:00:01-05:00,4,18095,9284,84,134
116,2024-09-15 00:00:01-05:00,5,19142,5786,52,270
117,2024-09-15 00:00:01-05:00,6,40536,15917,273,1985
118,2024-09-15 00:00:01-05:00,7,9128,7551,95,377
119,2024-09-15 00:00:01-05:00,8,15073,10029,143,280
120,2024-09-16 00:00:01-05:00,1,24649,18186,110,848
121,2024-09-16 00:00:01-05:00,2,29666,12084,95,637
122,2024-09-16 00:00:01-05:00,3,40521,15338,97,344
123,2024-09-16 00:00:01-05:00,4,16003,7476,38,239
124,2024-09-16 00:00:01-05:00,5,20770,6644,56,287
125,2024-09-16 00:00:01-05:00,6,38554,18082,207,1883
126,2024-09-16 00:00:01-05:00,7,11151,8646,65,439
127,2024-09-16 00:00:01-05:00,8,20121,10409,100,413
128,2024-09-17 00:00:01-05:00,1,28582,18968,120,995
129,2024-09-17 00:00:01-05:00,2,30426,12294,106,691
130,2024-09-17 00:00:01-05:00,3,43342,16705,93,407
131,2024-09-17 00:00:01-05:00,4,16935,7914,46,410
132,2024-09-17 00:00:01-05:00,5,22646,7368,69,334
133,2024-09-17 00:00:01-05:00,6,40254,17565,228,1741
134,2024-09-17 00:00:01-05:00,7,11012,9311,69,494
135,2024-09-17 00:00:01-05:00,8,18651,10765,88,395
136,2024-09-18 00:00:01-05:00,1,25535,18886,127,879
137,2024-09-18 00:00:01-05:00,2,33766,14552,157,797
138,2024-09-18 00:00:01-05:00,3,40962,17105,89,357
139,2024-09-18 00:00:01-05:00,4,15949,9103,71,222
140,2024-09-18 00:00:01-05:00,5,22790,8409,74,278
141,2024-09-18 00:00:01-05:00,6,37692,14992,191,1626
142,2024-09-18 00:00:01-05:00,7,10736,9024,106,437
143,2024-09-18 00:00:01-05:00,8,17655,10754,122,486
144,2024-09-19 00:00:01-05:00,1,28182,19765,144,982
145,2024-09-19 00:00:01-05:00,2,40776,17070,143,881
146,2024-09-19 00:00:01-05:00,3,38239,17653,89,359
147,2024-09-19 00:00:01-05:00,4,16945,10575,59,205
148,2024-09-19 00:00:01-05:00,5,24979,8750,86,331
149,2024-09-19 00:00:01-05:00,6,30457,12000,145,1230
150,2024-09-19 00:00:01-05:00,7,12101,9636,85,468
151,2024-09-19 00:00:01-05:00,8,19618,11679,106,486
152,2024-09-20 00:00:01-05:00,1,27611,20931,166,1010
153,2024-09-20 00:00:01-05:00,2,43721,17963,196,993
154,2024-09-20 00:00:01-05:00,3,39740,18301,119,475
155,2024-09-20 00:00:01-05:00,4,17013,8657,73,209
156,2024-09-20 00:00:01-05:00,5,23240,8924,118,412
157,2024-09-20 00:00:01-05:00,6,40617,16434,319,1642
158,2024-09-20 00:00:01-05:00,7,13012,10073,117,611
159,2024-09-20 00:00:01-05:00,8,20673,11674,122,359
160,2024-09-21 00:00:01-05:00,1,20173,15945,154,659
161,2024-09-21 00:00:01-05:00,2,39857,14290,205,918
162,2024-09-21 00:00:01-05:00,3,32580,15017,107,429
163,2024-09-21 00:00:01-05:00,4,17290,10277,95,213
164,2024-09-21 00:00:01-05:00,5,20753,7444,82,325
165,2024-09-21 00:00:01-05:00,6,50263,18206,293,2238
166,2024-09-21 00:00:01-05:00,7,12164,9942,122,570
167,2024-09-21 00:00:01-05:00,8,19170,10705,127,776
168,2024-09-22 00:00:01-05:00,1,17869,13951,178,615
169,2024-09-22 00:00:01-05:00,2,29076,12501,226,854
170,2024-09-22 00:00:01-05:00,3,25443,13227,116,353
171,2024-09-22 00:00:01-05:00,4,17222,9457,107,231
172,2024-09-22 00:00:01-05:00,5,24557,6450,101,325
173,2024-09-22 00:00:01-05:00,6,33798,15024,241,1852
174,2024-09-22 00:00:01-05:00,7,9413,8085,93,308
175,2024-09-22 00:00:01-05:00,8,14913,10064,95,272
176,2024-09-23 00:00:01-05:00,1,24201,17851,70,907
177,2024-09-23 00:00:01-05:00,2,33442,14669,69,788
178,2024-09-23 00:00:01-05:00,3,28011,15779,36,318
179,2024-09-23 00:00:01-05:00,4,15143,10406,31,213
180,2024-09-23 00:00:01-05:00,5,19363,6566,36,253
181,2024-09-23 00:00:01-05:00,6,37503,18162,166,1966
182,2024-09-23 00:00:01-05:00,7,10090,8566,57,441
183,2024-09-23 00:00:01-05:00,8,15572,9717,76,361
184,2024-09-24 00:00:01-05:00,1,23788,18179,89,752
185,2024-09-24 00:00:01-05:00,2,26902,11871,70,637
186,2024-09-24 00:00:01-05:00,3,24475,13886,31,267
187,2024-09-24 00:00:01-05:00,4,12058,9320,34,115
188,2024-09-24 00:00:01-05:00,5,0,0,0,0
189,2024-09-24 00:00:01-05:00,6,39412,17722,149,1805
190,2024-09-24 00:00:01-05:00,7,10182,8508,59,501
191,2024-09-24 00:00:01-05:00,8,16242,9981,71,338
192,2024-09-25 00:00:01-05:00,1,25502,17820,150,1021
193,2024-09-25 00:00:01-05:00,2,29698,12021,101,692
194,2024-09-25 00:00:01-05:00,3,41023,17022,109,464
195,2024-09-25 00:00:01-05:00,4,16135,10698,74,214
196,2024-09-25 00:00:01-05:00,5,0,0,0,0
197,2024-09-25 00:00:01-05:00,6,39025,17669,313,1796
198,2024-09-25 00:00:01-05:00,7,11051,9088,91,539
199,2024-09-25 00:00:01-05:00,8,16350,10697,128,472
200,2024-09-26 00:00:01-05:00,1,24322,19517,119,808
201,2024-09-26 00:00:01-05:00,2,34446,10501,79,505
202,2024-09-26 00:00:01-05:00,3,42715,16925,73,298
203,2024-09-26 00:00:01-05:00,4,15840,9618,35,195
204,2024-09-26 00:00:01-05:00,5,0,0,0,0
205,2024-09-26 00:00:01-05:00,6,42911,17663,239,1675
206,2024-09-26 00:00:01-05:00,7,11435,9522,79,532
207,2024-09-26 00:00:01-05:00,8,17281,11188,91,422
208,2024-09-27 00:00:01-05:00,1,21043,17649,45,652
209,2024-09-27 00:00:01-05:00,2,40845,13106,78,476
210,2024-09-27 00:00:01-05:00,3,32089,15449,45,230
211,2024-09-27 00:00:01-05:00,4,15384,10467,40,139
212,2024-09-27 00:00:01-05:00,5,0,0,0,0
213,2024-09-27 00:00:01-05:00,6,46791,17526,152,1541
214,2024-09-27 00:00:01-05:00,7,12053,8824,25,451
215,2024-09-27 00:00:01-05:00,8,13788,11273,29,239
216,2024-09-28 00:00:01-05:00,1,15945,13306,60,641
217,2024-09-28 00:00:01-05:00,2,33169,8280,62,604
218,2024-09-28 00:00:01-05:00,3,29128,12963,59,403
219,2024-09-28 00:00:01-05:00,4,15037,9615,37,155
220,2024-09-28 00:00:01-05:00,5,0,0,0,0
221,2024-09-28 00:00:01-05:00,6,48330,16982,160,1972
222,2024-09-28 00:00:01-05:00,7,11416,8349,38,457
223,2024-09-28 00:00:01-05:00,8,14399,10634,57,336
224,2024-09-29 00:00:01-05:00,1,16013,12058,117,547
225,2024-09-29 00:00:01-05:00,2,39841,10308,123,684
226,2024-09-29 00:00:01-05:00,3,24913,11739,80,335
227,2024-09-29 00:00:01-05:00,4,14696,9506,86,129
228,2024-09-29 00:00:01-05:00,5,0,0,0,0
229,2024-09-29 00:00:01-05:00,6,39420,12183,270,1881
230,2024-09-29 00:00:01-05:00,7,8236,7103,61,337
231,2024-09-29 00:00:01-05:00,8,11024,9185,52,225
232,2024-09-30 00:00:01-05:00,1,20893,18115,97,862
233,2024-09-30 00:00:01-05:00,2,42476,12903,95,758
234,2024-09-30 00:00:01-05:00,3,29019,15863,76,386
235,2024-09-30 00:00:01-05:00,4,15615,9834,59,140
236,2024-09-30 00:00:01-05:00,5,9291,4979,46,232
237,2024-09-30 00:00:01-05:00,6,43305,16777,223,1824
238,2024-09-30 00:00:01-05:00,7,10648,8607,77,447
239,2024-09-30 00:00:01-05:00,8,17136,10592,87,365
240,2024-10-01 00:00:01-05:00,1,23032,19596,132,981
241,2024-10-01 00:00:01-05:00,2,35183,13574,135,794
242,2024-10-01 00:00:01-05:00,3,33131,17934,97,447
243,2024-10-01 00:00:01-05:00,4,18609,11614,64,239
244,2024-10-01 00:00:01-05:00,5,34733,16182,147,518
245,2024-10-01 00:00:01-05:00,6,20087,7251,112,769
246,2024-10-01 00:00:01-05:00,7,11509,9383,97,484
247,2024-10-01 00:00:01-05:00,8,18576,10970,98,399
248,2024-10-02 00:00:01-05:00,1,25783,19482,119,914
249,2024-10-02 00:00:01-05:00,2,48658,16613,150,1006
250,2024-10-02 00:00:01-05:00,3,36319,17811,102,477
251,2024-10-02 00:00:01-05:00,4,18205,9947,61,186
252,2024-10-02 00:00:01-05:00,5,51010,17856,125,596
253,2024-10-02 00:00:01-05:00,6,28583,12422,143,1129
254,2024-10-02 00:00:01-05:00,7,11992,9845,78,460
255,2024-10-02 00:00:01-05:00,8,19212,11541,101,391
256,2024-10-03 00:00:01-05:00,1,25622,20390,111,1035
257,2024-10-03 00:00:01-05:00,2,42980,16659,132,988
258,2024-10-03 00:00:01-05:00,3,38399,18655,94,511
259,2024-10-03 00:00:01-05:00,4,19671,10743,71,215
260,2024-10-03 00:00:01-05:00,5,45368,18085,119,577
261,2024-10-03 00:00:01-05:00,6,40789,17113,242,1341
262,2024-10-03 00:00:01-05:00,7,12575,9858,92,612
263,2024-10-03 00:00:01-05:00,8,18967,12221,119,368
264,2024-10-04 00:00:01-05:00,1,25840,21042,154,885
265,2024-10-04 00:00:01-05:00,2,39423,17962,158,787
266,2024-10-04 00:00:01-05:00,3,38735,19316,106,483
267,2024-10-04 00:00:01-05:00,4,22030,13449,89,289
268,2024-10-04 00:00:01-05:00,5,43728,17739,152,694
269,2024-10-04 00:00:01-05:00,6,38222,14838,141,1292
270,2024-10-04 00:00:01-05:00,7,13864,10707,116,626
271,2024-10-04 00:00:01-05:00,8,16102,12112,115,302
272,2024-10-05 00:00:01-05:00,1,20721,16476,150,685
273,2024-10-05 00:00:01-05:00,2,35290,14443,205,819
274,2024-10-05 00:00:01-05:00,3,34660,15689,128,464
275,2024-10-05 00:00:01-05:00,4,18826,11643,115,263
276,2024-10-05 00:00:01-05:00,5,34339,13569,207,723
277,2024-10-05 00:00:01-05:00,6,27635,10605,164,1090
278,2024-10-05 00:00:01-05:00,7,13577,10282,125,688
279,2024-10-05 00:00:01-05:00,8,14789,12584,149,341
280,2024-10-06 00:00:01-05:00,1,17277,13747,126,626
281,2024-10-06 00:00:01-05:00,2,32924,12104,148,788
282,2024-10-06 00:00:01-05:00,3,29174,13144,92,415
283,2024-10-06 00:00:01-05:00,4,12968,10694,117,270
284,2024-10-06 00:00:01-05:00,5,34952,14102,196,675
285,2024-10-06 00:00:01-05:00,6,28623,11891,213,1438
286,2024-10-06 00:00:01-05:00,7,9770,8354,90,341
287,2024-10-06 00:00:01-05:00,8,12216,10362,100,276
288,2024-10-07 00:00:01-05:00,1,21250,17308,102,790
289,2024-10-07 00:00:01-05:00,2,33212,13945,117,832
290,2024-10-07 00:00:01-05:00,3,38548,16207,78,419
291,2024-10-07 00:00:01-05:00,4,18236,12966,82,311
292,2024-10-07 00:00:01-05:00,5,42867,14342,143,671
293,2024-10-07 00:00:01-05:00,6,43649,17568,269,2028
294,2024-10-07 00:00:01-05:00,7,9669,8069,96,478
295,2024-10-07 00:00:01-05:00,8,11327,9265,76,296
296,2024-10-08 00:00:01-05:00,1,24902,18226,94,878
297,2024-10-08 00:00:01-05:00,2,47711,14993,125,874
298,2024-10-08 00:00:01-05:00,3,39512,16871,70,396
299,2024-10-08 00:00:01-05:00,4,19061,12773,53,332
300,2024-10-08 00:00:01-05:00,5,35418,13536,62,643
301,2024-10-08 00:00:01-05:00,6,42768,20138,169,2171
302,2024-10-08 00:00:01-05:00,7,10241,8626,65,441
303,2024-10-08 00:00:01-05:00,8,11608,9600,83,324
304,2024-10-09 00:00:01-05:00,1,28788,18546,128,1113
305,2024-10-09 00:00:01-05:00,2,44809,16232,175,937
306,2024-10-09 00:00:01-05:00,3,46770,16872,92,377
307,2024-10-09 00:00:01-05:00,4,25827,14493,78,248
308,2024-10-09 00:00:01-05:00,5,39952,16053,153,807
309,2024-10-09 00:00:01-05:00,6,42818,17222,183,1914
310,2024-10-09 00:00:01-05:00,7,11658,8993,61,502
311,2024-10-09 00:00:01-05:00,8,11623,9627,65,354
312,2024-10-10 00:00:01-05:00,1,29587,19364,141,1316
313,2024-10-10 00:00:01-05:00,2,39958,17155,244,1033
314,2024-10-10 00:00:01-05:00,3,38785,17587,132,432
315,2024-10-10 00:00:01-05:00,4,23737,15071,136,332
316,2024-10-10 00:00:01-05:00,5,41259,14499,213,986
317,2024-10-10 00:00:01-05:00,6,43479,17190,201,2077
318,2024-10-10 00:00:01-05:00,7,11744,9647,93,495
319,2024-10-10 00:00:01-05:00,8,15295,11877,93,356
320,2024-10-11 00:00:01-05:00,1,33637,21555,200,1307
321,2024-10-11 00:00:01-05:00,2,52703,19203,276,1009
322,2024-10-11 00:00:01-05:00,3,42220,20127,158,430
323,2024-10-11 00:00:01-05:00,4,27634,17233,145,391
324,2024-10-11 00:00:01-05:00,5,47991,17939,394,1308
325,2024-10-11 00:00:01-05:00,6,52193,21711,369,2281
326,2024-10-11 00:00:01-05:00,7,16389,12098,152,781
327,2024-10-11 00:00:01-05:00,8,27317,15152,190,882
328,2024-10-12 00:00:01-05:00,1,24032,18945,488,729
329,2024-10-12 00:00:01-05:00,2,42011,17391,530,863
330,2024-10-12 00:00:01-05:00,3,30867,17731,225,384
331,2024-10-12 00:00:01-05:00,4,27700,15488,279,459
332,2024-10-12 00:00:01-05:00,5,35547,11999,411,856
333,2024-10-12 00:00:01-05:00,6,48273,18533,510,1937
334,2024-10-12 00:00:01-05:00,7,18098,13978,190,660
335,2024-10-12 00:00:01-05:00,8,22993,17132,203,595
336,2024-10-13 00:00:01-05:00,1,21805,14700,146,607
337,2024-10-13 00:00:01-05:00,2,45156,13573,233,858
338,2024-10-13 00:00:01-05:00,3,29570,13637,117,406
339,2024-10-13 00:00:01-05:00,4,14756,11071,131,227
340,2024-10-13 00:00:01-05:00,5,35450,8963,274,691
341,2024-10-13 00:00:01-05:00,6,31908,14822,429,1802
342,2024-10-13 00:00:01-05:00,7,9833,8383,103,366
343,2024-10-13 00:00:01-05:00,8,20725,12249,112,1045
344,2024-10-14 00:00:01-05:00,1,26347,17657,83,781
345,2024-10-14 00:00:01-05:00,2,49524,17355,167,1072
346,2024-10-14 00:00:01-05:00,3,50277,16262,63,425
347,2024-10-14 00:00:01-05:00,4,18018,13678,56,208
348,2024-10-14 00:00:01-05:00,5,30833,10274,120,639
349,2024-10-14 00:00:01-05:00,6,34306,14470,213,1860
350,2024-10-14 00:00:01-05:00,7,9822,8324,76,453
351,2024-10-14 00:00:01-05:00,8,14623,9970,85,351
352,2024-10-15 00:00:01-05:00,1,24408,18688,69,845
353,2024-10-15 00:00:01-05:00,2,36183,12746,59,662
354,2024-10-15 00:00:01-05:00,3,42297,17211,69,381
355,2024-10-15 00:00:01-05:00,4,17719,10624,30,169
356,2024-10-15 00:00:01-05:00,5,22806,8518,110,531
357,2024-10-15 00:00:01-05:00,6,31797,12191,126,1149
358,2024-10-15 00:00:01-05:00,7,10958,8883,50,443
359,2024-10-15 00:00:01-05:00,8,17705,10576,73,416
360,2024-10-16 00:00:01-05:00,1,27057,18850,58,895
361,2024-10-16 00:00:01-05:00,2,39427,17666,85,938
362,2024-10-16 00:00:01-05:00,3,39305,16827,55,424
363,2024-10-16 00:00:01-05:00,4,19433,12791,48,203
364,2024-10-16 00:00:01-05:00,5,28959,11449,146,967
365,2024-10-16 00:00:01-05:00,6,43643,15432,188,1590
366,2024-10-16 00:00:01-05:00,7,11026,8719,53,520
367,2024-10-16 00:00:01-05:00,8,15772,10346,61,380
368,2024-10-17 00:00:01-05:00,1,28975,19992,68,914
369,2024-10-17 00:00:01-05:00,2,34968,13388,66,628
370,2024-10-17 00:00:01-05:00,3,42460,17843,64,456
371,2024-10-17 00:00:01-05:00,4,17841,12493,54,233
372,2024-10-17 00:00:01-05:00,5,39791,16560,159,1048
373,2024-10-17 00:00:01-05:00,6,34974,14702,161,1362
374,2024-10-17 00:00:01-05:00,7,12551,9549,64,457
375,2024-10-17 00:00:01-05:00,8,16046,11227,60,344
376,2024-10-18 00:00:01-05:00,1,27677,20195,111,849
377,2024-10-18 00:00:01-05:00,2,43166,17957,129,787
378,2024-10-18 00:00:01-05:00,3,39469,18077,74,366
379,2024-10-18 00:00:01-05:00,4,17872,11113,59,429
380,2024-10-18 00:00:01-05:00,5,38036,17019,206,1224
381,2024-10-18 00:00:01-05:00,6,32415,12438,165,1485
382,2024-10-18 00:00:01-05:00,7,13010,10159,70,599
383,2024-10-18 00:00:01-05:00,8,17579,12302,79,396
384,2024-10-19 00:00:01-05:00,1,19695,15238,104,723
385,2024-10-19 00:00:01-05:00,2,38166,14386,164,981
386,2024-10-19 00:00:01-05:00,3,37264,14168,91,543
387,2024-10-19 00:00:01-05:00,4,15387,8262,54,204
388,2024-10-19 00:00:01-05:00,5,24265,7916,137,659
389,2024-10-19 00:00:01-05:00,6,37748,15278,318,1834
390,2024-10-19 00:00:01-05:00,7,12034,9147,128,736
391,2024-10-19 00:00:01-05:00,8,15865,11275,128,286
392,2024-10-20 00:00:01-05:00,1,17759,13051,132,558
393,2024-10-20 00:00:01-05:00,2,32157,12664,183,933
394,2024-10-20 00:00:01-05:00,3,37383,12073,101,408
395,2024-10-20 00:00:01-05:00,4,17416,9506,121,170
396,2024-10-20 00:00:01-05:00,5,20683,6695,147,476
397,2024-10-20 00:00:01-05:00,6,40887,15428,358,2243
398,2024-10-20 00:00:01-05:00,7,8782,7441,98,374
399,2024-10-20 00:00:01-05:00,8,12233,9524,97,339
400,2024-10-21 00:00:01-05:00,1,23042,17183,95,889
401,2024-10-21 00:00:01-05:00,2,36077,13002,81,683
402,2024-10-21 00:00:01-05:00,3,44018,14387,55,342
403,2024-10-21 00:00:01-05:00,4,31715,13859,70,485
404,2024-10-21 00:00:01-05:00,5,21368,8182,92,438
405,2024-10-21 00:00:01-05:00,6,38418,16921,195,1731
406,2024-10-21 00:00:01-05:00,7,9644,8131,52,376
407,2024-10-21 00:00:01-05:00,8,12335,9230,63,341
408,2024-10-22 00:00:01-05:00,1,22800,18480,106,903
409,2024-10-22 00:00:01-05:00,2,37932,12369,63,646
410,2024-10-22 00:00:01-05:00,3,58656,17071,57,378
411,2024-10-22 00:00:01-05:00,4,29760,14787,57,495
412,2024-10-22 00:00:01-05:00,5,23718,8476,76,455
413,2024-10-22 00:00:01-05:00,6,44701,17027,156,1954
414,2024-10-22 00:00:01-05:00,7,10883,9062,58,469
415,2024-10-22 00:00:01-05:00,8,17251,10659,72,364
416,2024-10-23 00:00:01-05:00,1,28802,19467,114,926
417,2024-10-23 00:00:01-05:00,2,42583,17472,119,916
418,2024-10-23 00:00:01-05:00,3,61079,16886,85,429
419,2024-10-23 00:00:01-05:00,4,22306,10950,48,298
420,2024-10-23 00:00:01-05:00,5,31653,10468,105,728
421,2024-10-23 00:00:01-05:00,6,51688,18891,245,2368
422,2024-10-23 00:00:01-05:00,7,11075,9114,73,473
423,2024-10-23 00:00:01-05:00,8,16173,11079,77,349
424,2024-10-24 00:00:01-05:00,1,27386,19447,97,847
425,2024-10-24 00:00:01-05:00,2,42787,17408,128,664
426,2024-10-24 00:00:01-05:00,3,57744,17423,83,424
427,2024-10-24 00:00:01-05:00,4,15342,9357,44,270
428,2024-10-24 00:00:01-05:00,5,20399,8969,79,544
429,2024-10-24 00:00:01-05:00,6,58400,22259,245,2559
430,2024-10-24 00:00:01-05:00,7,12864,9827,76,542
431,2024-10-24 00:00:01-05:00,8,17002,11540,85,412
432,2024-10-25 00:00:01-05:00,1,26903,19325,137,1096
433,2024-10-25 00:00:01-05:00,2,37825,15585,141,861
434,2024-10-25 00:00:01-05:00,3,52999,17803,92,492
435,2024-10-25 00:00:01-05:00,4,19945,10317,76,366
436,2024-10-25 00:00:01-05:00,5,18997,8377,100,514
437,2024-10-25 00:00:01-05:00,6,50545,20053,252,2284
438,2024-10-25 00:00:01-05:00,7,12904,9636,103,612
439,2024-10-25 00:00:01-05:00,8,14726,11407,95,270
440,2024-10-26 00:00:01-05:00,1,21212,16104,121,846
441,2024-10-26 00:00:01-05:00,2,43169,16068,127,883
442,2024-10-26 00:00:01-05:00,3,45204,15091,71,393
443,2024-10-26 00:00:01-05:00,4,19658,11817,110,342
444,2024-10-26 00:00:01-05:00,5,24592,7635,105,711
445,2024-10-26 00:00:01-05:00,6,44063,16148,202,2512
446,2024-10-26 00:00:01-05:00,7,14320,9240,54,598
447,2024-10-26 00:00:01-05:00,8,14156,11095,79,304
448,2024-10-27 00:00:01-05:00,1,17655,14151,154,717
449,2024-10-27 00:00:01-05:00,2,38016,14653,205,951
450,2024-10-27 00:00:01-05:00,3,36482,13221,115,513
451,2024-10-27 00:00:01-05:00,4,15748,10422,122,276
452,2024-10-27 00:00:01-05:00,5,19613,7612,143,553
453,2024-10-27 00:00:01-05:00,6,38464,14660,306,2079
454,2024-10-27 00:00:01-05:00,7,8921,7514,80,388
455,2024-10-27 00:00:01-05:00,8,12621,9658,73,274
456,2024-10-28 00:00:01-05:00,1,24286,17940,111,844
457,2024-10-28 00:00:01-05:00,2,46559,13779,73,650
458,2024-10-28 00:00:01-05:00,3,37986,15543,87,339
459,2024-10-28 00:00:01-05:00,4,16993,10144,59,259
460,2024-10-28 00:00:01-05:00,5,22438,8717,88,449
461,2024-10-28 00:00:01-05:00,6,48115,20190,364,2217
462,2024-10-28 00:00:01-05:00,7,14214,8310,89,463
463,2024-10-28 00:00:01-05:00,8,18120,10430,100,316
464,2024-10-29 00:00:01-05:00,1,25899,18830,114,913
465,2024-10-29 00:00:01-05:00,2,43629,14656,116,782
466,2024-10-29 00:00:01-05:00,3,39406,17007,100,436
467,2024-10-29 00:00:01-05:00,4,18683,10122,75,230
468,2024-10-29 00:00:01-05:00,5,23468,8460,90,555
469,2024-10-29 00:00:01-05:00,6,45449,19071,313,2039
470,2024-10-29 00:00:01-05:00,7,11793,8822,90,438
471,2024-10-29 00:00:01-05:00,8,16382,11217,77,434
472,2024-10-30 00:00:01-05:00,1,27179,19499,122,850
473,2024-10-30 00:00:01-05:00,2,40837,17461,124,699
474,2024-10-30 00:00:01-05:00,3,46323,17647,92,374
475,2024-10-30 00:00:01-05:00,4,19608,11006,47,238
476,2024-10-30 00:00:01-05:00,5,24978,10376,151,574
477,2024-10-30 00:00:01-05:00,6,46884,20929,325,2326
478,2024-10-30 00:00:01-05:00,7,12045,9051,104,436
479,2024-10-30 00:00:01-05:00,8,18834,11251,138,424
480,2024-10-31 00:00:01-05:00,1,25306,19656,65,874
481,2024-10-31 00:00:01-05:00,2,41552,16663,64,757
482,2024-10-31 00:00:01-05:00,3,48313,17941,49,403
483,2024-10-31 00:00:01-05:00,4,15709,10092,25,217
484,2024-10-31 00:00:01-05:00,5,26617,11174,64,571
485,2024-10-31 00:00:01-05:00,6,47218,17032,132,1563
486,2024-10-31 00:00:01-05:00,7,11697,9343,33,334
487,2024-10-31 00:00:01-05:00,8,16836,11501,55,436
488,2024-11-01 00:00:01-05:00,1,26072,21402,92,994
489,2024-11-01 00:00:01-05:00,2,48303,17540,98,818
490,2024-11-01 00:00:01-05:00,3,49944,19394,77,479
491,2024-11-01 00:00:01-05:00,4,23162,11719,37,224
492,2024-11-01 00:00:01-05:00,5,32454,10318,77,517
493,2024-11-01 00:00:01-05:00,6,52245,20189,228,1862
494,2024-11-01 00:00:01-05:00,7,12709,10326,65,519
495,2024-11-01 00:00:01-05:00,8,20369,13325,78,529
496,2024-11-02 00:00:01-05:00,1,19458,15438,177,828
497,2024-11-02 00:00:01-05:00,2,49761,15847,218,780
498,2024-11-02 00:00:01-05:00,3,45284,13814,139,473
499,2024-11-02 00:00:01-05:00,4,16671,9654,96,238
500,2024-11-02 00:00:01-05:00,5,25062,7234,114,536
501,2024-11-02 00:00:01-05:00,6,53367,18357,356,2344
502,2024-11-02 00:00:01-05:00,7,11103,8976,96,533
503,2024-11-02 00:00:01-05:00,8,14105,11458,84,295
504,2024-11-03 00:00:01-05:00,1,16883,13375,175,631
505,2024-11-03 00:00:01-05:00,2,37619,13764,192,858
506,2024-11-03 00:00:01-05:00,3,42252,11892,108,398
507,2024-11-03 00:00:01-05:00,4,14004,9757,128,206
508,2024-11-03 00:00:01-05:00,5,28861,6974,140,502
509,2024-11-03 00:00:01-05:00,6,44832,16092,397,2525
510,2024-11-03 00:00:01-05:00,7,8390,7279,89,302
511,2024-11-03 00:00:01-05:00,8,12943,9775,99,314
512,2024-11-04 00:00:01-05:00,1,24653,18137,146,918
513,2024-11-04 00:00:01-05:00,2,32830,13934,89,709
514,2024-11-04 00:00:01-05:00,3,42745,16577,80,405
515,2024-11-04 00:00:01-05:00,4,15578,9103,61,150
516,2024-11-04 00:00:01-05:00,5,26616,8580,99,487
517,2024-11-04 00:00:01-05:00,6,23200,9720,160,1014
518,2024-11-04 00:00:01-05:00,7,10681,8704,66,514
519,2024-11-04 00:00:01-05:00,8,18994,10764,90,397
520,2024-11-05 00:00:01-05:00,1,23323,17681,109,994
521,2024-11-05 00:00:01-05:00,2,46183,15891,103,854
522,2024-11-05 00:00:01-05:00,3,39960,16746,62,444
523,2024-11-05 00:00:01-05:00,4,15074,8515,40,233
524,2024-11-05 00:00:01-05:00,5,24615,8680,135,460
525,2024-11-05 00:00:01-05:00,6,26899,10606,183,1185
526,2024-11-05 00:00:01-05:00,7,9989,8616,78,410
527,2024-11-05 00:00:01-05:00,8,13029,9957,85,232
528,2024-11-06 00:00:01-05:00,1,21322,17877,66,795
529,2024-11-06 00:00:01-05:00,2,40710,19625,76,750
530,2024-11-06 00:00:01-05:00,3,31071,16374,45,374
531,2024-11-06 00:00:01-05:00,4,18409,10644,40,177
532,2024-11-06 00:00:01-05:00,5,26864,10409,111,604
533,2024-11-06 00:00:01-05:00,6,49158,21091,233,2394
534,2024-11-06 00:00:01-05:00,7,10823,8446,53,516
535,2024-11-06 00:00:01-05:00,8,19003,10365,77,354
536,2024-11-07 00:00:01-05:00,1,22415,17974,100,932
537,2024-11-07 00:00:01-05:00,2,45626,19399,112,786
538,2024-11-07 00:00:01-05:00,3,41175,16356,57,422
539,2024-11-07 00:00:01-05:00,4,19448,9204,36,216
540,2024-11-07 00:00:01-05:00,5,25070,9755,188,566
541,2024-11-07 00:00:01-05:00,6,29451,12148,195,1330
542,2024-11-07 00:00:01-05:00,7,10737,8903,75,501
543,2024-11-07 00:00:01-05:00,8,18040,11027,67,417
544,2024-11-08 00:00:01-05:00,1,23660,19646,96,1004
545,2024-11-08 00:00:01-05:00,2,44404,20340,100,801
546,2024-11-08 00:00:01-05:00,3,35677,18169,77,420
547,2024-11-08 00:00:01-05:00,4,20675,11799,53,230
548,2024-11-08 00:00:01-05:00,5,24741,10002,152,520
549,2024-11-08 00:00:01-05:00,6,27886,10046,130,1014
550,2024-11-08 00:00:01-05:00,7,13039,10002,79,655
551,2024-11-08 00:00:01-05:00,8,15231,12532,86,405
552,2024-11-09 00:00:01-05:00,1,15915,13869,54,550
553,2024-11-09 00:00:01-05:00,2,35901,17226,82,871
554,2024-11-09 00:00:01-05:00,3,28318,13681,52,396
555,2024-11-09 00:00:01-05:00,4,16221,10860,36,304
556,2024-11-09 00:00:01-05:00,5,30902,9999,96,736
557,2024-11-09 00:00:01-05:00,6,49405,18397,168,2555
558,2024-11-09 00:00:01-05:00,7,12092,8324,62,463
559,2024-11-09 00:00:01-05:00,8,13891,10847,36,261
560,2024-11-10 00:00:01-05:00,1,13973,11854,37,577
561,2024-11-10 00:00:01-05:00,2,50756,14503,48,902
562,2024-11-10 00:00:01-05:00,3,38363,11207,35,374
563,2024-11-10 00:00:01-05:00,4,15519,9424,33,139
564,2024-11-10 00:00:01-05:00,5,27351,9925,86,629
565,2024-11-10 00:00:01-05:00,6,41466,14503,136,2141
566,2024-11-10 00:00:01-05:00,7,9180,6785,25,288
567,2024-11-10 00:00:01-05:00,8,10740,8883,34,316
568,2024-11-11 00:00:01-05:00,1,20549,15095,170,793
569,2024-11-11 00:00:01-05:00,2,48061,17640,170,893
570,2024-11-11 00:00:01-05:00,3,44841,13833,106,352
571,2024-11-11 00:00:01-05:00,4,21027,12030,80,237
572,2024-11-11 00:00:01-05:00,5,32706,11957,190,955
573,2024-11-11 00:00:01-05:00,6,33509,13643,149,1595
574,2024-11-11 00:00:01-05:00,7,9197,7605,72,413
575,2024-11-11 00:00:01-05:00,8,11533,9008,76,293
576,2024-11-12 00:00:01-05:00,1,26150,18706,75,860
577,2024-11-12 00:00:01-05:00,2,51974,21196,91,1007
578,2024-11-12 00:00:01-05:00,3,43707,16609,64,410
579,2024-11-12 00:00:01-05:00,4,24103,14378,41,285
580,2024-11-12 00:00:01-05:00,5,37986,14044,119,929
581,2024-11-12 00:00:01-05:00,6,30238,12160,82,1170
582,2024-11-12 00:00:01-05:00,7,10914,8810,68,438
583,2024-11-12 00:00:01-05:00,8,14553,10845,71,333
584,2024-11-13 00:00:01-05:00,1,24740,17663,57,730
585,2024-11-13 00:00:01-05:00,2,45807,20426,83,912
586,2024-11-13 00:00:01-05:00,3,42543,15952,41,342
587,2024-11-13 00:00:01-05:00,4,20988,13966,24,223
588,2024-11-13 00:00:01-05:00,5,46882,14964,86,808
589,2024-11-13 00:00:01-05:00,6,34216,14732,114,1376
590,2024-11-13 00:00:01-05:00,7,10203,8122,47,365
591,2024-11-13 00:00:01-05:00,8,17312,9976,38,318
592,2024-11-14 00:00:01-05:00,1,22084,18335,90,884
593,2024-11-14 00:00:01-05:00,2,53591,21788,141,1014
594,2024-11-14 00:00:01-05:00,3,36620,16557,70,419
595,2024-11-14 00:00:01-05:00,4,25866,14662,58,278
596,2024-11-14 00:00:01-05:00,5,44117,19610,222,976
597,2024-11-14 00:00:01-05:00,6,46287,18578,180,1648
598,2024-11-14 00:00:01-05:00,7,12826,9504,58,431
599,2024-11-14 00:00:01-05:00,8,19727,11230,83,405
600,2024-11-15 00:00:01-05:00,1,22138,19232,68,738
601,2024-11-15 00:00:01-05:00,2,41559,22249,82,902
602,2024-11-15 00:00:01-05:00,3,35106,17063,50,388
603,2024-11-15 00:00:01-05:00,4,21513,15047,32,281
604,2024-11-15 00:00:01-05:00,5,54161,20910,96,1117
605,2024-11-15 00:00:01-05:00,6,52526,19772,110,1819
606,2024-11-15 00:00:01-05:00,7,12096,9696,47,525
607,2024-11-15 00:00:01-05:00,8,15263,12243,47,456
608,2024-11-16 00:00:01-05:00,1,19092,13755,109,701
609,2024-11-16 00:00:01-05:00,2,36651,17061,120,896
610,2024-11-16 00:00:01-05:00,3,32773,12466,65,388
611,2024-11-16 00:00:01-05:00,4,16708,11485,58,258
612,2024-11-16 00:00:01-05:00,5,41469,13913,188,1101
613,2024-11-16 00:00:01-05:00,6,32763,13264,134,1459
614,2024-11-16 00:00:01-05:00,7,14185,9243,80,835
615,2024-11-16 00:00:01-05:00,8,15097,11536,65,444
616,2024-11-17 00:00:01-05:00,1,14896,12145,131,798
617,2024-11-17 00:00:01-05:00,2,27473,13917,223,1191
618,2024-11-17 00:00:01-05:00,3,31145,11347,146,467
619,2024-11-17 00:00:01-05:00,4,14428,9416,111,180
620,2024-11-17 00:00:01-05:00,5,34289,11178,250,1210
621,2024-11-17 00:00:01-05:00,6,44518,16130,275,2342
622,2024-11-17 00:00:01-05:00,7,8932,7191,94,305
623,2024-11-17 00:00:01-05:00,8,15110,10034,104,467
624,2024-11-18 00:00:01-05:00,1,23090,17684,131,976
625,2024-11-18 00:00:01-05:00,2,37302,18544,176,1282
626,2024-11-18 00:00:01-05:00,3,36202,15302,100,462
627,2024-11-18 00:00:01-05:00,4,25413,13869,83,177
628,2024-11-18 00:00:01-05:00,5,44934,14712,181,1188
629,2024-11-18 00:00:01-05:00,6,36984,13898,133,1514
630,2024-11-18 00:00:01-05:00,7,10793,8449,65,383
631,2024-11-18 00:00:01-05:00,8,18685,10162,71,371
632,2024-11-19 00:00:01-05:00,1,24640,17384,50,957
633,2024-11-19 00:00:01-05:00,2,39478,18480,71,1245
634,2024-11-19 00:00:01-05:00,3,34883,15317,37,470
635,2024-11-19 00:00:01-05:00,4,30821,13897,25,262
636,2024-11-19 00:00:01-05:00,5,44438,14643,87,1390
637,2024-11-19 00:00:01-05:00,6,39909,14167,101,1298
638,2024-11-19 00:00:01-05:00,7,10955,8335,45,422
639,2024-11-19 00:00:01-05:00,8,16627,9779,50,319
640,2024-11-20 00:00:01-05:00,1,25846,17968,54,855
641,2024-11-20 00:00:01-05:00,2,42193,20071,91,1148
642,2024-11-20 00:00:01-05:00,3,47505,16054,50,473
643,2024-11-20 00:00:01-05:00,4,28035,14428,50,237
644,2024-11-20 00:00:01-05:00,5,43575,15285,136,1341
645,2024-11-20 00:00:01-05:00,6,35295,11722,77,1111
646,2024-11-20 00:00:01-05:00,7,14427,8775,54,398
647,2024-11-20 00:00:01-05:00,8,16406,10482,61,345
648,2024-11-21 00:00:01-05:00,1,27080,18139,49,809
649,2024-11-21 00:00:01-05:00,2,52942,21253,94,1179
650,2024-11-21 00:00:01-05:00,3,47921,16398,60,396
651,2024-11-21 00:00:01-05:00,4,30843,14626,46,1140
652,2024-11-21 00:00:01-05:00,5,46655,15088,81,1062
653,2024-11-21 00:00:01-05:00,6,33484,14299,109,1188
654,2024-11-21 00:00:01-05:00,7,11649,8954,45,404
655,2024-11-21 00:00:01-05:00,8,16097,10929,62,303
656,2024-11-22 00:00:01-05:00,1,28443,18649,63,788
657,2024-11-22 00:00:01-05:00,2,47613,21343,124,1111
658,2024-11-22 00:00:01-05:00,3,46183,16307,70,459
659,2024-11-22 00:00:01-05:00,4,26543,14718,41,617
660,2024-11-22 00:00:01-05:00,5,45985,15657,88,918
661,2024-11-22 00:00:01-05:00,6,34594,13358,97,1082
662,2024-11-22 00:00:01-05:00,7,13847,9406,26,461
663,2024-11-22 00:00:01-05:00,8,17195,11132,42,258
664,2024-11-23 00:00:01-05:00,1,20892,15211,74,619
665,2024-11-23 00:00:01-05:00,2,43517,17481,110,810
666,2024-11-23 00:00:01-05:00,3,40073,13417,76,413
667,2024-11-23 00:00:01-05:00,4,27441,11937,62,326
668,2024-11-23 00:00:01-05:00,5,37149,12886,139,868
669,2024-11-23 00:00:01-05:00,6,35535,10830,104,1136
670,2024-11-23 00:00:01-05:00,7,12112,8550,73,486
671,2024-11-23 00:00:01-05:00,8,13732,10494,86,267
672,2024-11-24 00:00:01-05:00,1,16639,12842,98,711
673,2024-11-24 00:00:01-05:00,2,42234,14663,161,1081
674,2024-11-24 00:00:01-05:00,3,34814,11201,98,399
675,2024-11-24 00:00:01-05:00,4,24757,9927,80,145
676,2024-11-24 00:00:01-05:00,5,35530,10202,142,775
677,2024-11-24 00:00:01-05:00,6,34130,12738,195,1669
678,2024-11-24 00:00:01-05:00,7,8935,6966,63,317
679,2024-11-24 00:00:01-05:00,8,12168,9029,78,322
680,2024-11-25 00:00:01-05:00,1,22589,15988,89,961
681,2024-11-25 00:00:01-05:00,2,48425,18589,100,1191
682,2024-11-25 00:00:01-05:00,3,35502,13861,43,479
683,2024-11-25 00:00:01-05:00,4,21436,12680,43,222
684,2024-11-25 00:00:01-05:00,5,33864,13432,129,1107
685,2024-11-25 00:00:01-05:00,6,31625,12691,136,1327
686,2024-11-25 00:00:01-05:00,7,10509,7672,38,439
687,2024-11-25 00:00:01-05:00,8,10972,9023,50,264
688,2024-11-26 00:00:01-05:00,1,24575,17105,80,806
689,2024-11-26 00:00:01-05:00,2,53633,19935,96,1237
690,2024-11-26 00:00:01-05:00,3,39391,14889,62,502
691,2024-11-26 00:00:01-05:00,4,23119,13564,45,279
692,2024-11-26 00:00:01-05:00,5,29584,14272,76,1127
693,2024-11-26 00:00:01-05:00,6,35645,13000,99,1271
694,2024-11-26 00:00:01-05:00,7,12592,8304,43,422
695,2024-11-26 00:00:01-05:00,8,11326,9420,47,224
696,2024-11-27 00:00:01-05:00,1,21296,16478,48,898
697,2024-11-27 00:00:01-05:00,2,58468,20724,108,1368
698,2024-11-27 00:00:01-05:00,3,36367,14196,55,590
699,2024-11-27 00:00:01-05:00,4,25892,13643,32,252
700,2024-11-27 00:00:01-05:00,5,39920,14029,128,1087
701,2024-11-27 00:00:01-05:00,6,31722,10454,75,1052
702,2024-11-27 00:00:01-05:00,7,11317,8629,48,402
703,2024-11-27 00:00:01-05:00,8,10976,9846,66,276
704,2024-11-28 00:00:01-05:00,1,12833,10899,39,560
705,2024-11-28 00:00:01-05:00,2,44563,12531,63,758
706,2024-11-28 00:00:01-05:00,3,18318,9195,36,408
707,2024-11-28 00:00:01-05:00,4,13590,7996,20,159
708,2024-11-28 00:00:01-05:00,5,30848,8091,61,667
709,2024-11-28 00:00:01-05:00,6,19264,7295,40,783
710,2024-11-28 00:00:01-05:00,7,6273,5549,27,130
711,2024-11-28 00:00:01-05:00,8,7327,6686,47,228
712,2024-11-29 00:00:01-05:00,1,15755,13029,42,717
713,2024-11-29 00:00:01-05:00,2,46266,14776,94,902
714,2024-11-29 00:00:01-05:00,3,24432,11387,45,366
715,2024-11-29 00:00:01-05:00,4,23416,9987,31,155
716,2024-11-29 00:00:01-05:00,5,27764,10992,75,753
717,2024-11-29 00:00:01-05:00,6,37913,14293,80,1557
718,2024-11-29 00:00:01-05:00,7,9006,7226,30,351
719,2024-11-29 00:00:01-05:00,8,9926,8732,43,243
720,2024-11-30 00:00:01-05:00,1,15703,11952,50,523
721,2024-11-30 00:00:01-05:00,2,41566,14179,66,862
722,2024-11-30 00:00:01-05:00,3,24657,10389,37,390
723,2024-11-30 00:00:01-05:00,4,24752,9287,18,324
724,2024-11-30 00:00:01-05:00,5,36358,10325,63,875
725,2024-11-30 00:00:01-05:00,6,30376,9145,57,998
726,2024-11-30 00:00:01-05:00,7,9526,7145,30,359
727,2024-11-30 00:00:01-05:00,8,11665,9426,24,254
728,2024-12-01 00:00:01-05:00,1,14047,11611,21,556
729,2024-12-01 00:00:01-05:00,2,37339,13315,36,803
730,2024-12-01 00:00:01-05:00,3,29414,10580,25,363
731,2024-12-01 00:00:01-05:00,4,11737,9100,15,87
732,2024-12-01 00:00:01-05:00,5,29644,9520,42,724
733,2024-12-01 00:00:01-05:00,6,34792,13222,84,1734
734,2024-12-01 00:00:01-05:00,7,7699,6396,28,255
735,2024-12-01 00:00:01-05:00,8,9216,8276,43,163
736,2024-12-02 00:00:01-05:00,1,22042,17098,37,665
737,2024-12-02 00:00:01-05:00,2,52081,19881,71,988
738,2024-12-02 00:00:01-05:00,3,28372,14749,31,354
739,2024-12-02 00:00:01-05:00,4,21791,13534,16,112
740,2024-12-02 00:00:01-05:00,5,38273,14211,42,740
741,2024-12-02 00:00:01-05:00,6,29211,11369,35,888
742,2024-12-02 00:00:01-05:00,7,9557,7858,21,358
743,2024-12-02 00:00:01-05:00,8,13095,9711,40,275
744,2024-12-03 00:00:01-05:00,1,21879,17334,54,810
745,2024-12-03 00:00:01-05:00,2,46754,20613,84,910
746,2024-12-03 00:00:01-05:00,3,33168,15222,37,361
747,2024-12-03 00:00:01-05:00,4,20872,13999,26,117
748,2024-12-03 00:00:01-05:00,5,28647,14591,55,780
749,2024-12-03 00:00:01-05:00,6,34038,13232,48,920
750,2024-12-03 00:00:01-05:00,7,9675,8285,24,326
751,2024-12-03 00:00:01-05:00,8,14609,10285,48,278
752,2024-12-04 00:00:01-05:00,1,20557,17610,61,780
753,2024-12-04 00:00:01-05:00,2,62113,21286,97,1142
754,2024-12-04 00:00:01-05:00,3,31327,15184,48,438
755,2024-12-04 00:00:01-05:00,4,28392,14090,26,207
756,2024-12-04 00:00:01-05:00,5,34113,14862,121,1096
757,2024-12-04 00:00:01-05:00,6,31037,11366,74,1033
758,2024-12-04 00:00:01-05:00,7,10791,8605,35,387
759,2024-12-04 00:00:01-05:00,8,14764,10341,68,307
760,2024-12-05 00:00:01-05:00,1,20529,17440,16,689
761,2024-12-05 00:00:01-05:00,2,54989,20439,52,827
762,2024-12-05 00:00:01-05:00,3,39077,15409,27,391
763,2024-12-05 00:00:01-05:00,4,34302,14112,15,275
764,2024-12-05 00:00:01-05:00,5,33173,14919,46,753
765,2024-12-05 00:00:01-05:00,6,26317,11615,67,959
766,2024-12-05 00:00:01-05:00,7,11260,8696,29,408
767,2024-12-05 00:00:01-05:00,8,17850,10554,36,273
768,2024-12-06 00:00:01-05:00,1,23529,16945,45,854
769,2024-12-06 00:00:01-05:00,2,54451,20514,60,1102
770,2024-12-06 00:00:01-05:00,3,48315,15277,22,363
771,2024-12-06 00:00:01-05:00,4,27986,13989,15,342
772,2024-12-06 00:00:01-05:00,5,51498,15142,53,912
773,2024-12-06 00:00:01-05:00,6,26005,10576,43,702
774,2024-12-06 00:00:01-05:00,7,13659,9292,20,476
775,2024-12-06 00:00:01-05:00,8,14564,11548,47,290
776,2024-12-07 00:00:01-05:00,1,16298,13260,44,611
777,2024-12-07 00:00:01-05:00,2,48262,16009,91,908
778,2024-12-07 00:00:01-05:00,3,37834,11924,45,387
779,2024-12-07 00:00:01-05:00,4,22041,10723,34,372
780,2024-12-07 00:00:01-05:00,5,39545,11724,82,964
781,2024-12-07 00:00:01-05:00,6,21425,8344,65,733
782,2024-12-07 00:00:01-05:00,7,12280,8735,32,443
783,2024-12-07 00:00:01-05:00,8,13829,11242,52,209
784,2024-12-08 00:00:01-05:00,1,13538,10743,41,444
785,2024-12-08 00:00:01-05:00,2,44582,13255,72,790
786,2024-12-08 00:00:01-05:00,3,24754,10205,37,349
787,2024-12-08 00:00:01-05:00,4,16607,9207,24,85
788,2024-12-08 00:00:01-05:00,5,25774,9530,56,607
789,2024-12-08 00:00:01-05:00,6,26996,10365,68,1086
790,2024-12-08 00:00:01-05:00,7,7973,6725,16,275
791,2024-12-08 00:00:01-05:00,8,11201,9229,26,252
792,2024-12-09 00:00:01-05:00,1,18976,16219,69,732
793,2024-12-09 00:00:01-05:00,2,49115,18600,97,1211
794,2024-12-09 00:00:01-05:00,3,31614,14600,56,464
795,2024-12-09 00:00:01-05:00,4,31566,13135,47,150
796,2024-12-09 00:00:01-05:00,5,34162,14615,137,998
797,2024-12-09 00:00:01-05:00,6,27178,9897,71,900
798,2024-12-09 00:00:01-05:00,7,11462,8108,51,355
799,2024-12-09 00:00:01-05:00,8,13757,9906,34,380
800,2024-12-10 00:00:01-05:00,1,19581,15821,56,764
801,2024-12-10 00:00:01-05:00,2,46925,19362,82,989
802,2024-12-10 00:00:01-05:00,3,32810,14792,45,478
803,2024-12-10 00:00:01-05:00,4,27444,13368,22,332
804,2024-12-10 00:00:01-05:00,5,43276,15347,77,877
805,2024-12-10 00:00:01-05:00,6,28827,9858,72,842
806,2024-12-10 00:00:01-05:00,7,11679,8147,31,398
807,2024-12-10 00:00:01-05:00,8,14405,10167,47,315
808,2024-12-11 00:00:01-05:00,1,21611,17024,39,730
809,2024-12-11 00:00:01-05:00,2,37921,20127,81,794
810,2024-12-11 00:00:01-05:00,3,34383,15186,34,427
811,2024-12-11 00:00:01-05:00,4,20832,13738,12,151
812,2024-12-11 00:00:01-05:00,5,48200,15229,56,836
813,2024-12-11 00:00:01-05:00,6,31942,11329,68,830
814,2024-12-11 00:00:01-05:00,7,11124,8551,32,308
815,2024-12-11 00:00:01-05:00,8,14757,10372,34,274
816,2024-12-12 00:00:01-05:00,1,22866,17220,40,651
817,2024-12-12 00:00:01-05:00,2,48428,20507,84,824
818,2024-12-12 00:00:01-05:00,3,39246,15174,30,475
819,2024-12-12 00:00:01-05:00,4,22373,13916,19,199
820,2024-12-12 00:00:01-05:00,5,48054,14943,72,1065
821,2024-12-12 00:00:01-05:00,6,26166,11369,71,918
822,2024-12-12 00:00:01-05:00,7,12227,8977,31,490
823,2024-12-12 00:00:01-05:00,8,14435,10821,30,287
824,2024-12-13 00:00:01-05:00,1,21470,17400,29,691
825,2024-12-13 00:00:01-05:00,2,50912,21127,67,816
826,2024-12-13 00:00:01-05:00,3,40269,15868,21,449
827,2024-12-13 00:00:01-05:00,4,28566,14453,10,243
828,2024-12-13 00:00:01-05:00,5,36946,15555,64,1126
829,2024-12-13 00:00:01-05:00,6,22257,9423,69,736
830,2024-12-13 00:00:01-05:00,7,12748,9310,29,423
831,2024-12-13 00:00:01-05:00,8,16270,11352,50,280
832,2024-12-14 00:00:01-05:00,1,17376,14223,47,633
833,2024-12-14 00:00:01-05:00,2,45489,16573,93,830
834,2024-12-14 00:00:01-05:00,3,32097,12310,45,402
835,2024-12-14 00:00:01-05:00,4,26389,11094,35,273
836,2024-12-14 00:00:01-05:00,5,33756,12025,79,1321
837,2024-12-14 00:00:01-05:00,6,28401,11094,79,1290
838,2024-12-14 00:00:01-05:00,7,10859,8279,28,465
839,2024-12-14 00:00:01-05:00,8,12771,10524,34,277
840,2024-12-15 00:00:01-05:00,1,13021,11264,40,517
841,2024-12-15 00:00:01-05:00,2,35051,13591,64,863
842,2024-12-15 00:00:01-05:00,3,24792,10343,43,416
843,2024-12-15 00:00:01-05:00,4,20293,9140,33,81
844,2024-12-15 00:00:01-05:00,5,33482,9458,78,935
845,2024-12-15 00:00:01-05:00,6,34248,12579,100,1520
846,2024-12-15 00:00:01-05:00,7,10413,6859,33,316
847,2024-12-15 00:00:01-05:00,8,9907,9260,49,237
848,2024-12-16 00:00:01-05:00,1,17920,15326,38,651
849,2024-12-16 00:00:01-05:00,2,36868,18506,41,716
850,2024-12-16 00:00:01-05:00,3,28756,14480,23,356
851,2024-12-16 00:00:01-05:00,4,24441,13321,19,105
852,2024-12-16 00:00:01-05:00,5,36726,14114,53,904
853,2024-12-16 00:00:01-05:00,6,31254,15055,74,1203
854,2024-12-16 00:00:01-05:00,7,11751,7776,21,312
855,2024-12-16 00:00:01-05:00,8,14675,9680,44,245
856,2024-12-17 00:00:01-05:00,1,21865,16823,50,996
857,2024-12-17 00:00:01-05:00,2,40183,19861,77,1201
858,2024-12-17 00:00:01-05:00,3,31514,14951,54,494
859,2024-12-17 00:00:01-05:00,4,25783,13610,28,230
860,2024-12-17 00:00:01-05:00,5,40217,17210,87,1086
861,2024-12-17 00:00:01-05:00,6,43135,15206,123,1677
862,2024-12-17 00:00:01-05:00,7,10731,8414,37,345
863,2024-12-17 00:00:01-05:00,8,13178,10171,62,372
864,2024-12-18 00:00:01-05:00,1,19152,16338,39,709
865,2024-12-18 00:00:01-05:00,2,40898,18939,72,855
866,2024-12-18 00:00:01-05:00,3,38080,14547,39,405
867,2024-12-18 00:00:01-05:00,4,30855,13406,19,189
868,2024-12-18 00:00:01-05:00,5,39556,17351,66,810
869,2024-12-18 00:00:01-05:00,6,49113,17100,102,1628
870,2024-12-18 00:00:01-05:00,7,12656,8284,27,387
871,2024-12-18 00:00:01-05:00,8,13608,9924,29,274
872,2024-12-19 00:00:01-05:00,1,21125,17248,39,680
873,2024-12-19 00:00:01-05:00,2,39302,20369,66,899
874,2024-12-19 00:00:01-05:00,3,38859,15330,33,407
875,2024-12-19 00:00:01-05:00,4,28655,13962,19,202
876,2024-12-19 00:00:01-05:00,5,40439,17583,56,1106
877,2024-12-19 00:00:01-05:00,6,46099,16015,84,1663
878,2024-12-19 00:00:01-05:00,7,12251,8988,30,434
879,2024-12-19 00:00:01-05:00,8,18732,11251,50,366
880,2024-12-20 00:00:01-05:00,1,20636,17484,33,722
881,2024-12-20 00:00:01-05:00,2,41148,20696,60,710
882,2024-12-20 00:00:01-05:00,3,40944,15274,26,387
883,2024-12-20 00:00:01-05:00,4,25805,13983,13,221
884,2024-12-20 00:00:01-05:00,5,40459,17779,46,770
885,2024-12-20 00:00:01-05:00,6,38082,15856,77,1284
886,2024-12-20 00:00:01-05:00,7,12206,8840,24,468
887,2024-12-20 00:00:01-05:00,8,15699,10943,32,322
888,2024-12-21 00:00:01-05:00,1,15883,13824,27,608
889,2024-12-21 00:00:01-05:00,2,32399,17066,68,734
890,2024-12-21 00:00:01-05:00,3,31237,12216,25,371
891,2024-12-21 00:00:01-05:00,4,20670,10919,13,225
892,2024-12-21 00:00:01-05:00,5,32623,12937,33,1035
893,2024-12-21 00:00:01-05:00,6,49310,16302,100,1810
894,2024-12-21 00:00:01-05:00,7,13042,8195,21,339
895,2024-12-21 00:00:01-05:00,8,11495,9936,25,175
896,2024-12-22 00:00:01-05:00,1,14466,11175,40,436
897,2024-12-22 00:00:01-05:00,2,39435,13515,56,703
898,2024-12-22 00:00:01-05:00,3,35615,10011,27,364
899,2024-12-22 00:00:01-05:00,4,18350,8639,18,158
900,2024-12-22 00:00:01-05:00,5,23706,9145,49,667
901,2024-12-22 00:00:01-05:00,6,42784,13832,83,1772
902,2024-12-22 00:00:01-05:00,7,8033,6721,32,261
903,2024-12-22 00:00:01-05:00,8,9184,8140,38,161
904,2024-12-23 00:00:01-05:00,1,18860,14769,59,769
905,2024-12-23 00:00:01-05:00,2,43186,17478,106,950
906,2024-12-23 00:00:01-05:00,3,39989,12943,46,440
907,2024-12-23 00:00:01-05:00,4,22967,11894,34,243
908,2024-12-23 00:00:01-05:00,5,39755,12772,98,1121
909,2024-12-23 00:00:01-05:00,6,33142,12855,89,1492
910,2024-12-23 00:00:01-05:00,7,9583,7784,23,275
911,2024-12-23 00:00:01-05:00,8,11004,8958,45,239
912,2024-12-24 00:00:01-05:00,1,16031,13261,58,651
913,2024-12-24 00:00:01-05:00,2,37774,16145,107,1032
914,2024-12-24 00:00:01-05:00,3,27364,11796,65,478
915,2024-12-24 00:00:01-05:00,4,13352,10226,40,217
916,2024-12-24 00:00:01-05:00,5,34443,11042,97,1268
917,2024-12-24 00:00:01-05:00,6,38021,14660,154,2073
918,2024-12-24 00:00:01-05:00,7,7681,6839,49,211
919,2024-12-24 00:00:01-05:00,8,8399,7953,41,186
920,2024-12-25 00:00:01-05:00,1,11177,9215,78,618
921,2024-12-25 00:00:01-05:00,2,24220,9731,89,463
922,2024-12-25 00:00:01-05:00,3,19537,7274,52,167
923,2024-12-25 00:00:01-05:00,4,10747,6491,51,95
924,2024-12-25 00:00:01-05:00,5,24904,6767,159,684
925,2024-12-25 00:00:01-05:00,6,24283,9215,124,1150
926,2024-12-25 00:00:01-05:00,7,5138,4332,47,180
927,2024-12-25 00:00:01-05:00,8,5485,5061,44,196
928,2024-12-26 00:00:01-05:00,1,15591,12674,76,724
929,2024-12-26 00:00:01-05:00,2,28874,14699,131,897
930,2024-12-26 00:00:01-05:00,3,25675,11041,72,395
931,2024-12-26 00:00:01-05:00,4,19048,10036,45,142
932,2024-12-26 00:00:01-05:00,5,34715,10807,125,1083
933,2024-12-26 00:00:01-05:00,6,31269,10397,127,1419
934,2024-12-26 00:00:01-05:00,7,8350,6654,46,316
935,2024-12-26 00:00:01-05:00,8,8535,7891,58,160
936,2024-12-27 00:00:01-05:00,1,16794,14019,67,791
937,2024-12-27 00:00:01-05:00,2,46314,15942,66,862
938,2024-12-27 00:00:01-05:00,3,33767,12407,28,458
939,2024-12-27 00:00:01-05:00,4,20234,11317,18,206
940,2024-12-27 00:00:01-05:00,5,40063,12387,62,1056
941,2024-12-27 00:00:01-05:00,6,34875,10534,92,1174
942,2024-12-27 00:00:01-05:00,7,11811,7496,21,501
943,2024-12-27 00:00:01-05:00,8,13950,9056,36,223
944,2024-12-28 00:00:01-05:00,1,13224,11323,69,586
945,2024-12-28 00:00:01-05:00,2,30439,13131,85,762
946,2024-12-28 00:00:01-05:00,3,23882,10006,53,365
947,2024-12-28 00:00:01-05:00,4,16890,9209,43,206
948,2024-12-28 00:00:01-05:00,5,35239,10436,125,1002
949,2024-12-28 00:00:01-05:00,6,28267,8417,100,1307
950,2024-12-28 00:00:01-05:00,7,9857,6972,41,550
951,2024-12-28 00:00:01-05:00,8,15027,8808,56,237
952,2024-12-29 00:00:01-05:00,1,12210,10627,41,530
953,2024-12-29 00:00:01-05:00,2,32202,12487,48,769
954,2024-12-29 00:00:01-05:00,3,21567,9617,35,438
955,2024-12-29 00:00:01-05:00,4,17900,8575,33,174
956,2024-12-29 00:00:01-05:00,5,37661,11017,71,888
957,2024-12-29 00:00:01-05:00,6,37083,12824,96,1912
958,2024-12-29 00:00:01-05:00,7,11290,6231,35,425
959,2024-12-29 00:00:01-05:00,8,11902,7947,28,220